<?xml version="1.0" encoding="UTF-8"?>
<SoftwareLegalInformation>
  <OutputDateTime>2019-05-10T10:07:14.607Z</OutputDateTime>
  <CopyrightNotations>
    <TechnologyName>Unity</TechnologyName>
    <TechnologyName>NintendoSDK_libcurl</TechnologyName>
    <TechnologyName>NintendoSDK_movie</TechnologyName>
  </CopyrightNotations>
  <DeclarationRequiredNotations>
    <TechnologyName>Unity</TechnologyName>
    <TechnologyName>NintendoWare_Bezel_Engine</TechnologyName>
    <TechnologyName>NintendoWare_Bezel_Engine</TechnologyName>
    <TechnologyName>NintendoSDK_libcurl</TechnologyName>
    <TechnologyName>NintendoSDK_movie</TechnologyName>
    <TechnologyName>NEX</TechnologyName>
    <TechnologyName>NEX</TechnologyName>
    <TechnologyName>nlib_LZ4</TechnologyName>
    <TechnologyName>nlib_bsdiff</TechnologyName>
    <TechnologyName>glew</TechnologyName>
    <TechnologyName>Capstone</TechnologyName>
    <TechnologyName>Breakpad</TechnologyName>
    <TechnologyName>NintendoSDK_dear_imgui</TechnologyName>
    <TechnologyName>NintendoSDK_Vulkan</TechnologyName>
    <TechnologyName>Wslay</TechnologyName>
    <TechnologyName>SkiaGraphicsLibrary</TechnologyName>
    <TechnologyName>H2O</TechnologyName>
  </DeclarationRequiredNotations>
  <ProductRegions>
    <Usa>true</Usa>
    <Japan>true</Japan>
    <Europe>true</Europe>
    <Asia>false</Asia>
  </ProductRegions>
  <FormatVersion>2.0.0</FormatVersion>
  <ApplicationId>0x0100add00e17e000</ApplicationId>
  <DataHash>7c755b17667737b07cb447a4bbe0e456</DataHash>
</SoftwareLegalInformation>
